lemma,Alabama,Arizona,Arkansas,California,Colorado,Connecticut,Delaware,District of Columbia,Florida,Georgia,Idaho,Illinois,Indiana,Iowa,Kansas,Kentucky,Louisiana,Maine,Maryland,Massachusetts,Michigan,Minnesota,Mississippi,Missouri,Montana,Nebraska,Nevada,New Hampshire,New Jersey,New Mexico,New York,North Carolina,North Dakota,Ohio,Oklahoma,Oregon,Pennsylvania,Rhode Island,South Carolina,South Dakota,Tennessee,Texas,Utah,Vermont,Virginia,Washington,West Virginia,Wisconsin,Wyoming
"African dancing",0,0,1,0,0,0,0,0,1,2,0,0,0,0,0,0,0,0,0,2,0,1,0,0,0,0,0,0,0,0,1,0,0,0,0,0,2,0,0,0,0,0,0,0,1,0,0,1,0
"Cumbia dancing",0,0,0,1,0,0,0,0,0,0,0,0,0,0,0,0,0,0,0,0,0,1,0,0,0,0,1,0,0,0,1,0,0,0,0,0,0,0,0,0,0,2,0,0,0,0,0,0,0
"Indian dancing",0,0,0,0,0,0,0,1,0,0,0,0,0,0,0,0,0,0,0,0,0,2,0,0,0,0,0,0,0,0,0,0,0,0,0,0,0,0,0,0,0,1,0,0,0,1,0,0,0
"Irish dancing",0,1,1,2,1,0,0,0,1,0,0,1,0,0,0,0,0,0,0,0,2,0,0,0,0,0,0,0,1,0,0,0,0,1,0,0,3,0,0,0,1,3,2,0,1,0,0,2,0
"Irish step dancing",0,0,0,0,1,2,0,0,0,0,0,1,0,0,0,0,0,0,1,2,0,0,0,0,0,0,0,0,0,0,1,0,0,0,0,0,0,0,0,0,0,0,0,0,0,0,0,0,0
"Latin street dancing",0,0,0,0,0,0,0,0,0,0,0,8,0,0,0,0,0,0,0,0,0,0,0,0,0,0,0,0,0,0,0,0,0,0,0,0,0,0,0,0,0,0,0,0,0,0,0,0,0
"Mexican dancing",0,1,0,0,0,0,0,0,1,1,0,0,1,0,0,0,0,0,0,0,1,0,0,0,0,0,0,0,0,0,0,0,0,0,0,0,0,0,0,0,0,1,0,0,0,0,0,0,0
"Mexican hat dancing",0,0,0,1,0,0,0,0,1,0,0,0,0,0,0,0,0,0,0,0,0,0,0,0,0,0,0,0,0,0,1,1,0,0,1,0,0,0,0,0,0,1,0,0,0,0,0,0,0
"aerobics",3,1,0,25,0,1,6,0,17,10,0,1,1,0,2,1,6,0,3,0,4,4,1,3,0,2,1,0,4,2,2,2,0,2,1,1,3,0,1,0,2,26,0,0,1,3,0,0,0
"alligator hunting",1,0,1,0,0,0,0,0,6,3,0,0,0,0,0,0,1,0,1,0,1,1,1,0,0,0,0,0,1,0,0,0,0,0,0,0,2,0,0,0,0,4,0,0,0,0,2,0,0
"archery",0,0,0,3,0,0,0,0,2,0,0,0,0,0,0,0,0,0,1,0,1,0,0,0,0,0,0,0,0,0,0,1,0,0,0,0,0,0,0,0,0,0,0,0,0,0,0,0,0
"arts and crafts",2,4,1,30,6,5,1,3,10,9,0,9,3,1,1,4,1,0,3,8,11,6,1,1,0,0,2,1,8,1,14,5,0,11,1,1,9,3,6,0,5,15,3,1,5,6,2,1,0
"attending a family reunion",30,10,9,102,11,10,9,4,67,55,0,39,29,6,6,12,43,3,28,11,48,14,18,26,2,3,9,1,30,3,33,43,0,47,12,7,42,4,20,2,33,96,6,3,31,5,8,11,1
"attending church",355,63,168,563,41,57,53,38,513,570,11,287,151,31,57,137,403,2,297,66,317,58,288,133,2,20,38,4,144,23,172,481,6,278,126,36,219,16,288,11,312,994,34,2,303,88,44,84,3
"bachata dancing",0,0,1,7,0,1,0,0,6,2,0,4,0,1,0,0,1,0,1,2,1,1,0,0,0,0,2,0,6,1,3,2,0,0,0,0,1,1,0,0,1,9,0,0,2,0,0,0,0
"backpacking",0,3,1,7,3,0,0,2,3,1,0,1,0,0,1,1,1,0,0,1,2,0,0,0,0,0,0,0,0,0,4,0,0,1,0,3,2,0,0,0,3,3,1,0,0,3,0,0,0
"ballet dancing",0,0,1,14,3,0,1,1,10,4,1,5,2,0,1,0,1,0,3,3,5,1,2,0,0,0,1,0,1,0,23,2,0,3,1,3,2,1,1,0,4,8,1,2,3,2,0,0,0
"ballroom dancing",0,2,0,7,2,2,0,1,3,2,0,2,1,0,1,1,0,1,0,2,1,0,0,2,0,0,0,1,3,1,2,0,1,1,2,0,3,0,1,0,2,3,0,0,2,0,0,1,0
"barn dancing",0,0,0,0,0,1,0,0,0,0,0,1,0,1,0,0,0,0,0,0,1,0,0,0,0,0,0,0,0,1,1,1,0,1,0,1,1,0,0,0,0,0,0,0,0,1,0,0,0
"bass fishing",2,0,1,2,1,1,1,0,4,0,0,4,1,0,0,0,0,0,0,0,1,0,2,0,0,0,0,0,1,0,2,2,0,1,0,0,0,0,0,1,0,2,0,1,0,0,1,0,0
"bathing a pet",0,0,0,3,2,1,0,0,2,2,0,2,0,1,1,2,0,0,1,2,1,1,0,0,0,1,0,0,0,0,0,1,0,1,0,3,2,0,1,0,0,1,0,0,1,0,0,0,0
"bathing child",0,0,0,0,0,0,0,0,1,0,0,0,0,0,0,0,0,0,1,0,2,0,0,0,0,0,0,0,0,0,0,0,0,0,0,0,0,0,0,0,0,0,0,0,0,0,0,1,0
"bear hunting",0,0,0,3,1,0,0,0,1,0,0,0,1,0,0,0,0,0,0,1,1,1,0,0,0,0,0,0,1,0,0,0,0,0,0,0,0,1,1,1,0,1,0,0,1,0,0,0,0
"bedtime preparation",2,0,1,2,0,0,1,1,1,1,0,2,0,0,0,0,0,0,2,0,3,0,0,0,0,0,0,0,0,0,1,1,0,1,0,0,1,0,0,0,0,2,0,0,2,1,0,0,0
"belly dancing",2,4,1,29,2,1,0,2,5,12,0,13,3,1,0,2,2,1,3,5,3,0,1,1,0,3,2,0,7,2,15,2,0,8,0,0,5,2,1,0,3,15,1,0,4,0,0,6,0
"biking",43,66,30,959,116,53,17,49,357,102,19,289,129,78,52,37,83,14,98,159,199,141,19,79,8,28,29,15,145,19,496,136,8,228,41,123,237,32,94,15,86,391,51,12,127,123,26,131,3
"biking racing",0,0,0,2,0,0,0,0,0,1,0,1,0,0,0,0,0,0,0,0,0,0,0,0,0,0,0,1,0,0,0,0,0,0,0,0,0,0,0,0,0,0,0,0,0,0,0,1,0
"bird hunting",0,0,0,1,0,0,0,0,0,1,0,0,0,0,0,0,0,1,1,0,0,0,0,0,0,0,0,0,0,0,1,1,0,0,0,0,0,1,0,0,0,1,0,0,0,0,0,1,0
"bird watching",0,2,0,18,0,0,0,0,4,4,0,4,0,0,2,2,0,0,2,0,0,0,0,4,0,0,0,0,0,0,2,4,0,2,0,0,8,0,0,0,0,10,0,0,2,4,0,0,0
"boating",28,18,17,330,13,41,11,23,349,37,6,111,47,37,10,31,29,19,65,109,97,49,11,36,3,5,21,2,70,1,266,51,3,80,17,19,47,14,63,1,47,153,14,6,58,114,6,63,0
"boating paddle",0,0,0,0,0,0,0,2,0,0,0,1,0,0,1,0,0,0,0,0,0,1,0,0,0,0,0,0,0,0,0,0,0,0,0,0,0,0,0,0,0,0,0,0,0,0,0,0,0
"bob sledding",0,0,0,4,0,0,0,0,0,1,0,0,0,0,0,0,0,0,0,1,1,2,0,1,0,0,0,1,1,0,1,0,0,0,0,0,2,0,1,0,0,0,0,0,0,1,0,0,0
"body building",0,0,0,4,0,0,0,0,2,0,0,0,0,0,0,0,0,0,0,1,1,0,1,0,0,0,0,0,0,0,2,0,0,2,0,0,0,0,0,0,0,0,0,0,0,0,0,0,0
"body painting",0,1,0,1,0,0,0,0,0,0,0,0,0,0,0,0,0,0,0,0,0,0,0,0,0,0,0,0,1,0,1,0,0,0,0,0,0,0,0,0,0,0,1,0,1,1,0,0,0
"booty dancing",1,0,0,1,0,0,0,0,4,3,0,1,0,0,1,1,0,0,0,0,0,0,0,1,0,0,0,0,0,0,1,1,0,2,0,0,1,0,1,0,0,2,0,0,0,1,0,2,0
"bow hunting",1,0,1,0,0,0,1,0,0,3,0,2,1,0,2,0,0,0,0,0,0,2,1,2,0,0,0,0,0,0,2,1,0,0,0,0,1,0,1,0,0,1,0,0,0,0,1,2,0
"bowling",126,83,59,582,65,74,32,25,268,255,16,266,155,68,67,101,99,18,123,95,298,138,60,92,7,38,127,11,173,13,322,186,12,323,50,57,212,33,85,11,117,439,34,6,147,93,32,109,0
"boxing",19,26,9,259,16,21,4,11,95,37,2,56,24,2,15,12,23,1,48,47,32,14,9,20,0,3,19,3,92,16,138,35,0,61,10,7,67,10,33,1,17,195,5,0,39,17,6,21,1
"break dancing",4,1,1,11,1,1,1,1,11,3,0,5,3,0,0,3,3,0,4,2,6,3,1,1,0,1,0,0,4,0,8,0,1,9,2,4,3,1,0,0,2,10,0,0,5,0,0,1,0
"breastfeeding",1,2,3,13,1,1,0,0,6,13,0,10,4,2,3,4,3,0,1,1,3,2,0,0,0,0,1,1,5,1,19,5,0,14,5,2,5,0,1,0,1,11,1,1,3,7,0,3,0
"broomball",0,0,0,6,0,0,0,0,0,0,0,0,0,2,0,0,0,0,0,2,0,2,0,0,0,2,0,0,0,0,1,0,0,3,0,0,0,0,0,0,0,0,0,0,0,0,0,1,0
"brushing my teeth",32,28,15,163,13,36,17,18,99,88,3,57,41,23,20,18,64,4,79,27,76,28,30,30,1,4,26,2,45,10,95,63,2,126,19,13,89,10,42,1,47,182,10,0,61,35,10,32,2
"building cars",0,0,0,2,0,0,0,0,0,0,0,2,0,0,0,0,0,0,0,0,0,0,0,0,0,0,0,0,0,0,0,0,0,0,0,0,0,0,0,0,0,0,0,0,1,0,0,0,0
"building fire",0,2,0,0,0,0,0,0,0,0,0,0,0,0,0,2,0,0,0,2,0,2,0,0,0,0,0,0,0,0,0,0,0,2,0,0,0,0,0,0,0,0,0,0,0,0,0,0,0
"camping",11,21,16,177,19,12,6,6,45,34,8,21,25,8,16,18,18,4,18,26,30,14,9,20,1,8,8,5,28,9,50,29,1,55,14,25,53,5,6,5,28,86,11,2,28,34,12,21,3
"canoeing",1,0,1,3,0,2,0,0,8,2,0,5,2,0,0,0,1,0,1,4,11,4,1,0,0,0,2,1,1,0,8,2,0,8,1,0,3,0,0,0,3,2,0,0,3,2,0,6,0
"chair dancing",0,0,0,0,0,0,1,0,0,0,0,1,1,0,0,0,0,0,0,0,0,0,0,0,0,0,0,0,1,0,0,0,0,0,0,0,0,0,0,0,0,0,0,0,0,0,0,1,0
"cheer dancing",0,0,0,2,0,0,0,0,0,1,0,0,0,0,0,0,0,0,0,0,0,0,0,0,0,0,0,0,0,0,0,0,0,2,1,0,0,0,0,0,1,1,0,0,0,1,0,0,0
"cheerleading",2,0,1,2,1,0,1,2,8,11,0,3,2,1,0,4,4,0,0,3,2,0,0,2,0,0,3,0,1,2,5,2,0,10,1,1,6,3,2,0,1,8,0,0,2,0,3,1,0
"chopping wood",0,0,0,3,0,2,0,0,0,1,0,0,0,0,0,0,1,0,0,2,0,0,0,0,2,0,1,0,0,0,0,1,0,0,0,0,0,0,0,0,0,1,0,0,0,1,0,0,0
"circuit training",1,0,0,4,0,0,0,0,2,0,0,2,1,0,0,0,1,0,1,0,2,0,0,1,0,0,0,0,3,0,4,1,0,0,1,1,1,2,0,0,0,3,0,0,1,0,1,0,0
"cleaning",601,420,280,2530,226,381,189,124,1253,1288,42,1103,587,257,258,435,810,54,828,625,1131,325,449,424,15,121,242,51,828,81,1241,956,48,1350,271,170,1103,138,554,58,614,2369,145,20,818,390,196,447,12
"cleaning a bathroom",2,4,1,18,2,3,2,3,11,11,2,12,3,0,4,3,6,1,6,6,6,4,2,5,0,0,0,0,10,1,13,3,0,18,1,3,13,1,5,1,4,12,2,0,7,6,4,3,0
"cleaning garage",1,0,1,5,1,0,0,0,2,1,0,1,0,0,1,0,0,0,1,0,2,2,0,1,0,1,0,0,2,0,1,1,0,4,0,0,0,0,0,0,1,9,0,0,1,0,0,1,0
"cleaning or washing a vehicle",120,140,74,935,55,88,29,10,373,286,14,248,132,46,99,91,221,9,195,80,243,111,102,121,5,34,76,19,194,26,270,200,18,302,64,33,194,18,121,33,138,629,19,11,197,76,28,97,2
"cleaning yard",0,0,0,0,0,0,0,0,0,0,0,0,0,0,0,0,0,0,0,0,1,0,2,0,0,0,0,0,0,0,0,0,0,0,0,0,0,0,0,0,0,2,0,0,0,0,0,0,0
"climbing stairs",3,9,4,55,7,11,1,5,23,23,0,21,15,6,15,9,10,5,19,27,18,9,3,7,1,3,11,2,21,5,50,21,3,41,3,2,27,4,10,3,7,41,4,3,17,7,8,12,1
"clipping my nails",2,5,0,11,2,2,1,0,3,2,0,8,4,1,1,1,2,0,4,1,5,0,1,3,0,1,3,0,2,0,6,1,0,5,0,0,4,1,5,0,4,14,1,1,4,3,1,1,0
"coaching basketball",0,0,0,1,0,0,0,0,1,0,0,0,1,0,0,0,0,0,0,0,0,0,0,0,0,0,1,0,0,0,0,0,0,1,0,0,0,0,0,0,0,0,0,0,0,1,0,0,0
"coaching football",0,0,0,1,0,0,0,0,0,0,0,1,0,0,0,0,0,0,0,0,0,0,0,0,0,0,0,0,0,0,1,0,0,1,0,1,0,0,0,0,0,0,0,0,0,0,0,0,0
"coaching soccer",0,0,0,1,0,1,0,0,0,0,0,0,0,0,0,0,0,0,0,0,0,0,0,1,0,0,0,0,1,0,0,0,0,0,0,0,0,0,0,0,1,0,0,0,0,0,0,0,0
"contemporary dancing",0,0,0,0,0,0,0,0,1,0,0,0,0,0,0,0,0,0,1,0,0,0,0,0,0,0,0,0,1,0,1,0,0,0,0,1,0,0,0,0,0,1,0,0,2,0,0,0,0
"cooking",469,182,249,1185,121,191,81,145,904,1023,17,609,304,75,95,186,741,18,563,274,601,126,449,265,5,44,128,25,495,25,707,720,15,635,161,73,609,58,418,17,403,1295,48,7,564,155,67,165,7
"country dancing",0,1,0,1,0,0,0,0,0,0,0,0,0,1,0,0,0,0,0,0,0,0,0,0,0,0,0,0,0,0,1,0,1,1,0,0,0,1,0,0,0,6,0,0,0,0,0,0,0
"coyote hunting",0,0,0,0,0,0,0,0,0,1,1,2,0,0,0,1,0,0,0,0,0,0,0,0,0,0,0,0,0,0,0,2,0,0,1,0,0,0,0,0,0,0,0,0,0,0,0,1,0
"crab fishing",1,0,0,1,0,0,1,0,4,0,0,1,0,0,0,0,0,0,0,0,1,0,0,0,0,0,0,0,0,0,0,1,0,0,0,0,0,0,0,1,0,2,0,0,0,0,0,1,0
"crocheting",2,3,3,3,3,0,0,2,4,5,1,2,3,1,2,1,2,1,6,1,5,2,0,5,1,0,3,0,3,1,10,4,0,4,1,1,3,0,0,0,4,14,3,1,3,6,0,1,0
"dancing",375,271,198,2549,182,254,92,164,1077,825,33,912,433,160,169,241,517,41,563,514,691,293,250,314,10,95,264,36,704,81,1421,695,30,919,193,156,871,92,365,31,432,1877,143,17,590,340,127,250,13
"dancing celebration",0,0,0,1,0,0,0,0,0,0,0,0,0,0,0,0,0,0,0,0,0,0,0,1,0,0,0,0,0,0,0,0,0,0,0,0,0,0,0,0,1,1,0,0,0,0,0,1,0
"dancing modern",0,0,0,0,0,0,0,0,1,0,0,1,1,0,0,0,0,0,1,0,2,1,0,1,0,0,0,0,0,0,3,1,0,0,1,1,0,0,0,0,1,0,2,0,0,0,0,0,0
"deep sea diving",0,0,1,2,0,0,1,1,2,2,0,2,0,1,0,1,3,0,1,0,1,0,0,2,0,1,0,0,0,0,2,3,0,1,0,0,3,1,0,0,2,4,0,0,2,0,0,0,0
"deep sea fishing",9,1,2,5,2,0,0,0,37,3,0,1,1,0,0,1,1,1,0,7,0,0,0,0,0,0,0,0,6,0,1,5,0,3,1,1,2,1,3,0,0,10,2,0,4,0,2,0,0
"deer hunting",12,0,4,3,2,0,1,0,3,5,0,8,4,1,4,3,4,0,4,2,4,12,2,3,0,4,0,1,2,0,2,6,2,10,3,0,3,0,7,0,1,16,1,0,6,0,1,8,0
"digging holes",0,1,0,3,0,1,1,1,1,4,0,3,0,1,0,0,2,1,3,2,0,1,1,1,0,0,1,0,2,0,2,2,0,2,0,0,2,0,0,1,3,0,1,0,0,0,0,0,0
"dirty dancing",0,0,0,2,0,1,0,0,1,0,0,0,0,0,0,0,0,0,0,0,0,0,0,0,0,0,0,0,0,0,0,1,0,1,0,0,0,0,0,0,0,0,0,0,0,0,0,0,0
"disco dancing",0,0,0,2,0,0,0,0,2,1,0,0,0,0,0,0,0,0,0,1,0,0,0,0,0,0,0,0,0,0,2,0,0,0,0,0,1,0,0,0,0,1,0,0,0,0,0,0,0
"doing a ropes course",1,0,0,4,0,0,0,0,2,0,0,0,0,2,0,0,0,0,0,1,1,2,1,1,0,0,0,0,0,0,1,4,0,1,2,0,5,0,0,0,0,0,0,0,1,2,0,0,0
"doing ashtanga yoga",0,0,0,0,0,0,0,0,0,0,0,1,2,0,0,0,0,0,0,0,1,0,0,0,0,0,0,0,0,0,0,0,0,0,0,0,0,0,0,0,0,0,0,0,1,0,0,0,0
"doing bikram yoga",2,35,0,119,0,22,0,59,39,10,1,33,0,0,1,2,2,0,19,43,25,4,0,6,0,0,32,3,14,0,164,9,0,4,0,5,18,0,6,0,3,48,6,0,17,10,0,19,0
"doing calisthenics",0,0,0,2,0,0,0,0,1,0,0,0,0,0,1,0,0,0,1,1,0,0,0,0,0,0,0,0,1,0,0,1,0,0,0,0,0,0,0,0,0,2,0,0,1,0,0,0,0
"doing core yoga",0,0,0,0,0,0,0,0,0,0,0,0,0,0,0,0,0,0,11,1,0,0,0,0,0,0,0,0,0,0,0,0,0,0,0,0,0,0,0,1,0,0,0,0,0,0,0,0,0
"doing crunches",0,0,0,0,0,0,0,0,0,0,0,0,0,0,0,4,2,0,0,0,0,0,0,0,0,0,0,0,0,0,0,0,0,0,0,0,0,0,4,0,0,0,0,0,0,0,0,0,0
"doing gentle yoga",0,0,0,1,0,0,0,0,0,0,0,0,0,0,0,0,0,0,1,0,0,0,0,0,0,0,0,0,0,4,0,0,0,0,0,0,1,0,0,0,0,0,0,0,0,0,0,0,0
"doing hot yoga",1,10,5,23,8,3,1,12,16,7,1,19,1,3,3,4,1,2,7,11,13,13,1,3,0,0,1,1,21,6,35,6,0,12,0,3,7,0,4,0,7,22,0,0,13,28,2,1,0
"doing kundalini yoga",0,0,0,1,0,0,0,0,0,0,0,0,0,0,0,0,0,0,0,0,0,0,0,0,0,0,6,0,0,0,0,0,0,0,0,0,0,0,0,0,0,0,0,0,0,0,0,0,0
"doing laundry",132,84,59,577,56,81,31,57,286,306,11,272,139,47,63,93,175,8,218,160,235,87,101,108,3,33,36,19,245,28,385,215,15,366,62,27,348,38,145,8,125,519,24,1,201,76,49,106,5
"doing my hair",195,98,80,708,50,142,55,40,378,372,8,312,160,45,51,99,291,10,281,207,350,90,136,93,3,38,84,15,316,32,346,302,14,456,67,44,379,44,151,10,169,754,26,2,302,83,54,92,4
"doing my makeup",5,2,4,43,4,5,1,1,21,7,4,19,1,4,9,5,5,1,5,10,12,2,0,6,0,4,8,3,19,0,27,12,0,17,6,2,13,2,1,1,8,26,1,3,12,13,2,8,0
"doing my nails",0,1,0,1,0,0,0,0,1,1,0,4,1,0,0,0,2,0,0,1,2,0,0,0,0,0,1,0,0,0,0,1,0,2,0,0,0,0,0,0,1,2,0,0,0,1,1,0,0
"doing power yoga",0,2,0,9,0,1,0,1,9,0,0,1,1,0,2,0,0,3,1,1,0,0,0,0,0,0,0,0,0,0,5,0,0,6,0,0,3,0,2,0,2,2,2,1,0,0,0,2,0
"doing prenatal yoga",1,0,0,0,0,0,0,0,2,2,0,0,0,0,0,0,0,0,0,0,0,0,0,0,0,0,2,0,0,0,0,0,0,0,0,0,0,0,0,0,0,0,0,0,0,0,0,0,0
"doing pullups",5,2,0,40,1,1,2,0,21,9,1,10,0,2,3,3,4,0,10,7,9,4,2,6,0,3,1,0,10,0,14,11,0,8,1,3,9,1,3,0,7,22,2,0,6,7,2,1,0
"doing pushups",36,11,19,171,7,19,11,8,71,72,2,52,23,18,10,14,34,0,52,33,48,14,32,18,2,6,11,2,67,3,69,56,1,67,12,10,72,4,36,2,29,120,4,0,50,21,9,18,1
"doing situps",20,10,8,92,5,7,3,6,30,37,0,21,13,2,4,4,23,1,22,11,32,3,19,9,0,4,4,1,22,1,19,26,2,35,5,2,28,1,20,0,12,60,2,0,23,6,1,6,0
"doing the Carlton dance",0,0,0,2,0,1,0,0,1,1,0,0,0,0,0,0,0,0,0,0,0,0,0,1,0,0,0,0,0,0,0,0,0,0,0,0,1,0,1,0,1,2,0,0,0,0,0,0,0
"doing the Diddy dance",1,0,0,0,0,0,0,1,0,3,0,1,0,0,0,1,0,0,0,0,0,0,0,0,0,0,0,0,0,0,0,1,0,0,0,0,0,0,0,0,0,1,0,0,1,0,0,0,0
"doing the Snoopy dance",1,1,0,1,0,0,0,0,0,0,0,1,0,0,0,0,0,0,0,2,0,0,0,0,0,0,0,0,1,0,0,1,0,0,0,0,1,0,0,0,0,1,0,0,0,0,0,0,0
"doing the Thriller dance",0,0,0,1,0,0,0,0,2,0,0,1,0,0,0,0,0,0,0,0,0,0,0,0,0,0,0,0,0,0,0,0,0,1,0,0,1,0,0,0,0,1,0,0,0,0,0,0,0
"doing the chicken dance",1,1,0,7,1,0,0,0,1,0,0,2,0,1,0,2,0,0,1,1,0,0,1,1,0,1,1,0,0,0,3,0,0,1,0,1,2,0,0,0,1,3,1,0,0,0,0,4,0
"doing the cooking dance",2,0,2,3,3,0,0,1,2,4,0,1,0,1,0,0,1,0,4,0,1,1,2,2,0,1,0,0,2,0,3,2,0,0,3,0,2,0,3,0,1,2,0,0,3,0,0,0,0
"doing the hammer dance",0,0,0,2,0,0,1,0,1,0,0,0,1,0,0,0,0,0,1,0,2,0,0,0,0,0,0,0,1,0,4,1,0,1,1,0,0,0,0,0,1,2,0,0,1,0,0,0,0
"doing the napkin dance",0,0,1,0,0,0,0,0,0,0,0,0,1,0,0,0,0,0,0,0,0,0,0,0,0,0,0,0,0,0,0,1,0,0,0,0,1,0,0,0,0,0,0,0,1,0,0,0,0
"doing the safety dance",1,0,0,2,0,0,0,0,3,1,0,2,1,0,0,1,0,0,1,0,1,0,1,2,0,0,0,0,1,0,1,0,1,2,0,0,3,0,0,0,0,2,0,0,2,0,0,1,0
"doing the wiggle dance",0,0,0,0,0,0,0,0,1,0,0,1,0,0,0,0,0,0,0,0,0,0,0,0,0,0,0,0,0,0,0,0,0,0,0,0,0,0,0,0,1,1,0,0,2,0,0,0,0
"doing the wobble dance",0,0,0,0,0,0,1,1,0,2,0,0,0,0,0,0,0,0,0,0,0,0,0,0,0,0,0,0,0,0,0,1,0,0,0,0,1,0,0,0,1,1,0,0,1,0,0,0,0
"doing vinyasa yoga",0,0,0,2,0,0,0,0,1,0,0,0,4,0,0,0,0,0,0,1,1,0,0,0,0,0,1,0,0,0,3,0,0,2,0,0,7,0,0,0,0,2,0,0,0,0,0,0,0
"doing water aerobics",0,0,0,0,0,0,0,0,0,2,0,1,0,1,0,0,0,0,0,1,2,2,0,1,0,1,0,0,0,0,0,3,0,1,1,0,0,0,0,1,1,3,0,0,0,0,0,1,0
"doing yardwork",17,7,7,50,8,11,3,1,31,29,2,15,14,7,6,4,8,0,14,11,21,10,6,10,0,4,4,1,15,1,19,24,0,26,3,6,29,4,13,0,17,57,6,0,20,15,2,9,0
"doing yin yoga",0,0,0,1,1,0,0,0,1,0,0,0,0,0,0,0,0,0,0,0,0,0,0,0,0,0,0,0,1,0,2,0,0,0,0,1,0,0,0,0,0,0,0,0,0,0,0,0,0
"doing yoga",33,85,17,719,91,55,28,49,250,98,5,151,83,43,34,39,51,10,91,149,147,108,22,46,6,18,49,16,138,28,583,116,9,168,35,55,171,14,52,12,70,303,24,9,97,94,16,66,5
"doing yogalates",0,0,0,2,0,0,0,0,0,8,0,0,0,0,0,0,1,0,0,0,1,0,0,0,0,0,0,0,0,0,0,0,0,0,0,0,0,0,0,0,0,2,0,0,0,0,0,0,0
"dove hunting",1,0,1,0,1,0,0,0,0,1,0,0,0,0,0,0,0,0,0,0,0,0,0,0,0,0,0,0,0,0,0,0,1,0,0,0,0,0,0,0,1,1,0,0,0,0,0,0,0
"drag racing",3,2,0,7,0,1,0,1,7,9,0,4,5,1,2,4,1,0,3,2,3,0,2,3,1,0,3,0,2,1,4,6,0,8,0,1,8,0,3,0,2,2,0,0,0,0,1,2,0
"drawing",8,10,5,64,6,9,0,1,25,20,1,12,15,3,6,5,8,1,17,21,25,5,4,13,1,2,5,2,14,2,28,17,0,23,4,6,18,3,10,1,13,54,2,1,13,10,5,11,0
"duck hunting",3,1,9,8,1,0,0,0,2,7,0,2,0,0,2,0,9,0,0,2,1,3,2,6,0,1,0,0,2,0,3,4,0,0,2,0,3,1,2,0,4,14,1,0,1,3,1,1,0
"dusting",1,1,2,14,2,1,0,1,4,4,1,3,5,1,1,6,2,0,4,4,2,4,0,2,0,0,1,0,1,0,5,8,0,8,0,0,2,1,1,0,9,9,1,0,6,1,2,3,0
"eating",3613,1970,1796,14738,1156,1732,857,1113,8008,7847,182,6152,2984,1009,1159,1970,5025,254,5016,3149,5614,1713,2836,2412,109,620,1513,296,4622,526,7462,5547,200,6888,1317,963,6280,570,3423,186,3534,14284,694,131,4465,1772,868,1826,71
"elliptical",9,6,1,64,6,7,4,1,34,16,2,15,9,5,3,3,4,0,8,11,13,6,4,11,0,3,5,3,15,0,35,17,0,32,8,3,30,4,5,1,2,32,1,0,14,10,5,9,0
"feeding a pet",0,4,0,17,0,2,1,1,13,4,1,2,1,2,0,3,1,1,2,2,2,1,1,2,0,0,1,0,1,1,6,5,0,3,0,1,4,0,4,0,5,18,1,0,1,0,1,1,0
"feeding family",2,4,4,17,1,5,0,3,19,12,0,5,1,2,1,1,5,1,9,7,11,0,2,7,0,0,1,1,8,0,13,11,0,11,1,0,6,0,9,0,7,13,1,0,2,3,0,4,0
"fidgeting",3,0,0,3,1,1,1,0,3,2,0,0,1,0,1,0,0,0,1,2,1,0,0,1,0,0,0,0,0,0,6,1,0,0,0,0,2,0,0,0,0,3,0,0,1,1,0,0,0
"finger painting",1,0,0,2,2,1,0,0,1,1,0,0,1,0,1,0,1,0,0,0,0,0,1,1,0,0,0,0,1,0,2,0,0,1,0,0,3,0,0,0,1,2,1,0,1,0,0,0,0
"fishing",117,31,51,219,34,30,25,10,307,130,11,87,79,57,39,85,98,6,73,66,107,92,71,83,9,17,12,7,86,20,153,158,9,184,36,34,152,17,82,9,91,307,21,6,106,44,48,57,7
"fixing a car",2,1,0,13,2,2,0,0,6,2,0,1,5,1,2,2,1,0,1,2,3,4,0,1,0,0,5,0,3,1,0,4,0,10,1,0,7,1,2,0,4,10,1,0,5,2,3,1,0
"flossing teeth",0,2,0,0,0,0,2,2,0,2,0,0,2,0,0,0,0,0,0,0,0,0,0,0,0,0,2,0,0,0,0,0,0,0,2,0,0,0,0,0,0,0,0,0,0,0,0,0,0
"fly fishing",1,1,0,2,3,0,0,0,1,0,2,0,2,0,0,0,2,0,2,0,0,1,0,0,1,0,0,0,1,0,1,0,0,1,0,0,1,0,0,0,0,3,1,1,0,0,2,0,0
"freak dancing",0,0,1,0,0,0,0,0,1,1,0,0,0,0,0,0,0,0,0,0,0,0,0,0,0,0,1,0,0,0,0,0,0,0,0,0,0,0,0,0,0,0,0,0,0,1,0,0,0
"gambling",2,0,1,11,0,2,2,0,0,8,0,5,3,0,1,4,4,0,2,2,6,4,0,3,0,3,93,1,5,0,8,3,0,4,4,0,1,2,2,0,2,8,0,0,3,5,1,2,0
"gardening",0,0,0,7,0,0,0,0,1,1,0,0,0,0,0,0,1,0,2,2,2,0,0,0,0,0,0,0,0,0,1,0,0,1,0,2,3,0,0,0,0,1,0,0,2,0,0,0,0
"getting dressed",31,9,23,99,6,19,25,17,66,112,1,76,19,4,5,7,75,1,86,31,79,7,35,12,1,2,12,4,87,3,83,73,0,137,12,4,137,8,37,1,30,131,0,0,57,6,5,25,0
"getting my hair and nails done",2,0,1,9,0,1,0,1,9,4,0,5,0,1,1,2,10,0,4,2,8,1,2,2,0,1,1,1,5,0,11,5,0,4,2,0,9,1,4,1,2,17,1,0,2,1,2,0,0
"getting my hair done",559,290,273,2181,182,282,145,171,1238,1350,30,1112,519,140,188,321,800,41,930,502,1013,300,433,342,13,84,199,43,769,77,1100,950,30,1177,204,137,1066,96,559,30,540,2093,96,18,769,300,144,327,8
"getting my nails done",225,181,84,1146,92,199,76,99,751,617,12,516,227,100,70,146,318,14,446,326,450,124,145,192,6,35,126,20,542,30,916,453,8,496,102,63,616,69,238,6,239,1150,46,6,360,186,65,144,2
"getting nails dones",0,1,0,2,0,0,0,1,0,0,0,0,0,0,0,0,0,0,0,1,0,0,0,0,0,0,0,0,1,0,1,2,0,0,0,0,0,0,1,0,1,2,0,0,0,1,0,0,0
"global dancing",0,0,0,1,1,0,0,0,0,0,0,1,0,0,0,0,0,0,0,0,0,1,0,1,0,0,0,0,0,0,0,0,0,0,0,0,0,0,0,0,0,0,0,0,0,0,0,0,0
"gogo dancing",0,0,0,4,0,0,0,1,1,0,0,0,1,1,0,0,0,0,0,0,0,1,0,0,0,0,0,0,0,0,0,0,0,0,0,0,0,0,0,0,0,0,0,0,0,0,0,0,0
"going tubing",3,2,2,8,14,3,0,1,9,9,0,9,10,4,2,4,2,2,5,8,23,11,1,4,2,3,1,2,5,0,17,6,1,7,1,0,14,0,8,2,5,18,3,0,7,2,4,9,0
"golfing",41,57,13,135,25,17,6,6,123,61,3,78,75,37,31,40,23,2,31,62,87,44,16,41,3,19,21,6,50,8,132,58,6,156,30,19,105,5,55,11,57,158,19,2,52,35,23,44,0
"goose hunting",0,0,0,0,1,0,0,0,0,0,0,0,0,0,1,0,0,0,1,0,1,1,0,0,0,0,0,0,0,0,0,0,1,0,0,0,0,0,0,0,0,0,0,0,0,0,0,0,0
"grocery shopping",80,72,33,413,43,56,20,25,254,175,11,164,99,45,36,50,47,11,110,127,187,63,34,73,3,16,43,14,124,16,274,113,6,199,28,31,208,23,65,9,107,393,17,4,114,81,33,84,2
"grooming pet",0,0,0,5,0,0,0,2,0,0,0,0,3,0,2,0,0,0,1,0,1,4,0,0,0,3,0,0,0,1,5,0,0,3,0,0,1,1,0,0,0,1,0,0,0,1,0,0,0
"gymnastics",1,0,0,3,1,2,0,0,2,1,1,1,2,0,0,1,0,0,1,1,2,1,1,0,0,2,0,0,0,0,2,3,0,3,0,0,2,0,0,0,0,3,0,0,4,0,0,2,0
"hand fishing",0,0,0,1,0,0,1,0,1,2,0,0,0,1,0,0,0,0,0,0,0,0,0,0,0,0,0,0,0,0,1,0,0,0,0,0,1,0,2,0,0,0,0,0,0,0,0,0,0
"hang gliding",0,0,0,3,0,0,0,0,1,0,0,0,0,0,0,0,0,0,1,0,0,0,1,0,0,0,0,0,0,0,2,0,0,1,0,0,0,0,0,0,0,0,0,0,1,0,0,0,0
"hardcore dancing",0,2,0,1,0,0,0,0,1,0,0,0,0,0,0,0,0,0,0,0,0,0,0,0,0,0,0,0,0,0,1,0,0,0,1,0,1,0,0,0,0,2,0,0,0,1,0,0,0
"hiking",19,106,14,592,101,24,3,22,52,60,3,40,15,3,3,12,4,13,43,43,18,16,5,18,8,1,22,19,43,14,89,76,1,38,8,52,71,6,16,8,49,51,55,12,32,53,14,10,4
"hill climbing",0,0,0,2,0,0,0,0,0,0,0,0,0,0,0,2,0,0,0,0,0,0,0,0,0,0,0,0,0,0,0,0,0,0,0,0,0,0,0,0,0,1,0,0,0,0,0,0,0
"hog hunting",0,0,0,0,0,0,0,0,2,0,0,0,0,0,0,0,0,0,0,0,0,0,0,0,0,0,0,0,0,0,0,1,0,0,0,0,0,0,0,0,0,6,0,0,0,0,0,0,0
"hunting",37,5,15,31,2,3,6,0,25,37,2,16,12,12,11,18,24,0,17,8,44,15,21,12,0,3,2,3,15,2,23,29,4,46,11,11,44,4,19,4,21,59,3,2,40,11,9,14,1
"ice fishing",1,0,0,1,0,1,0,0,0,0,0,4,0,0,1,0,0,0,0,0,6,15,0,0,0,0,0,1,0,0,0,0,2,1,0,0,1,0,0,2,0,1,1,0,1,0,0,6,0
"ice skating",11,19,12,274,26,27,7,18,82,63,2,83,53,17,12,27,14,2,55,45,95,18,5,42,1,21,33,7,48,9,192,46,4,114,21,6,100,13,23,2,26,111,14,3,33,30,6,23,1
"interpretive dancing",0,1,0,3,1,0,0,0,2,0,0,1,0,0,0,2,0,0,1,0,0,1,0,0,0,0,0,0,1,0,2,0,0,0,0,0,0,0,1,0,0,2,1,0,2,1,1,0,0
"ironing",12,0,6,24,1,4,0,4,19,20,0,13,6,0,2,3,17,0,7,8,12,2,8,2,0,1,3,0,6,0,10,10,0,15,1,2,7,2,7,0,4,33,0,0,5,2,0,1,0
"jazzercise",1,1,17,5,9,1,0,0,4,7,0,2,3,0,0,4,0,0,0,1,3,0,0,2,0,1,0,1,0,1,1,9,0,2,0,1,1,0,1,0,0,3,0,1,0,0,0,0,0
"jet skiing",3,2,0,14,2,1,1,0,34,0,0,0,2,3,0,1,0,0,5,4,11,2,2,3,0,1,0,1,7,0,3,8,0,11,0,0,2,0,6,0,0,14,0,0,1,1,0,4,0
"jogging",16,13,10,136,9,7,4,7,44,38,0,25,24,4,11,11,17,0,39,23,24,10,7,10,1,5,7,1,27,3,65,12,1,40,8,7,38,3,17,2,15,77,3,1,16,17,5,7,0
"jumping jacks",3,1,4,21,0,0,1,2,11,12,0,10,4,4,2,1,1,0,3,4,5,1,3,2,1,0,0,2,4,1,10,0,0,7,1,0,4,0,4,0,6,17,1,1,3,1,2,1,0
"kayaking",3,2,0,28,1,9,2,1,35,10,0,8,2,1,1,4,2,5,16,13,16,2,1,3,0,0,2,3,4,0,20,8,0,13,0,2,7,4,9,2,6,29,0,0,6,5,1,3,0
"knitting",4,8,5,57,12,10,3,5,18,14,0,21,15,1,8,0,3,2,14,15,14,16,1,6,1,0,17,0,21,0,38,10,0,16,5,5,21,1,7,1,9,28,3,1,13,13,2,8,0
"laying down",634,310,373,1722,126,326,162,176,1199,1213,41,939,553,231,223,397,872,45,873,483,1173,259,591,404,7,87,165,62,772,62,981,914,46,1453,222,132,1120,102,520,38,583,2066,85,22,681,246,196,322,6
"laying tile",0,0,0,0,0,0,0,0,0,0,0,0,1,0,0,1,0,0,0,0,0,0,0,0,0,0,0,0,0,0,0,0,0,0,0,1,1,0,0,0,0,1,0,0,0,0,0,0,0
"line dancing",2,4,2,18,3,0,0,0,9,6,0,9,3,3,1,1,2,0,2,2,2,2,1,2,0,1,3,0,2,0,10,7,0,9,3,0,14,0,1,0,9,5,0,0,3,1,1,0,0
"making copies",0,1,0,6,0,0,2,0,3,0,0,1,1,1,0,0,0,0,0,1,3,3,0,1,0,0,0,0,0,0,2,2,0,1,0,0,0,0,2,2,0,5,0,0,2,0,1,0,0
"marching band",2,0,0,2,0,1,0,0,0,0,0,2,1,1,0,0,0,0,0,0,1,0,0,0,0,0,0,0,1,0,1,1,0,1,0,0,1,0,1,0,1,1,0,0,0,0,0,1,0
"meditating",5,18,6,83,6,12,0,5,40,27,0,23,13,4,3,8,14,2,13,14,18,2,5,7,1,3,21,1,21,1,50,16,0,10,3,3,25,0,3,0,6,51,2,1,20,11,1,11,1
"mini golfing",3,8,1,72,13,9,4,3,73,4,0,23,15,2,2,5,1,6,19,42,14,12,2,9,0,3,7,3,37,0,56,16,2,13,3,3,38,6,25,3,19,25,2,2,13,8,1,18,1
"mopping",6,6,1,24,1,1,0,1,11,11,0,10,3,2,3,1,8,1,4,2,2,4,7,7,0,1,0,0,4,0,7,3,0,4,1,1,4,0,1,1,9,21,1,0,3,2,1,3,2
"mountain biking",3,23,6,44,19,3,1,0,25,4,1,10,1,4,1,3,0,14,3,11,9,2,0,5,2,0,0,3,4,0,11,8,0,10,2,3,14,0,0,1,3,72,3,1,11,8,1,5,1
"mountain climbing",0,1,1,9,4,0,1,0,0,1,0,0,0,0,0,0,0,0,1,1,1,0,0,2,0,0,0,1,0,0,2,0,0,2,0,0,2,0,2,0,0,2,0,0,1,5,0,0,0
"moving furniture",3,0,0,7,0,0,0,0,1,3,0,2,3,0,1,0,1,0,2,0,0,0,2,3,0,0,1,0,0,0,1,5,0,1,0,0,2,2,0,0,4,14,0,0,2,1,0,0,0
"mowing grass",10,6,11,52,6,12,1,2,34,16,2,32,39,16,27,27,9,2,20,30,39,29,6,15,2,19,5,11,18,1,44,27,2,60,6,6,31,0,14,3,28,80,9,0,24,19,7,10,0
"offshore fishing",0,0,0,0,0,0,0,0,0,0,0,0,0,0,0,0,0,0,1,1,0,1,0,0,0,0,0,0,0,0,1,0,0,0,0,0,0,0,1,0,0,0,0,0,0,0,0,0,0
"online shopping",33,10,11,121,16,18,11,4,64,65,6,53,29,16,12,13,41,1,52,42,39,14,22,19,0,1,16,4,39,5,85,56,8,53,14,15,78,11,29,2,33,126,4,1,51,16,11,20,1
"packing",215,122,108,886,106,128,39,65,607,503,12,347,232,84,100,140,198,32,307,230,317,146,125,168,13,25,109,24,255,35,559,387,23,424,96,68,474,43,207,12,202,822,46,21,374,139,73,164,8
"paddleboarding",0,0,0,15,0,1,1,1,16,0,1,0,0,0,0,0,0,1,1,2,1,3,0,0,0,0,1,0,1,0,4,1,0,0,0,1,1,1,2,0,1,6,1,1,0,0,0,0,0
"painting",0,0,2,6,0,1,1,0,0,0,0,3,0,0,0,1,0,0,0,6,0,0,0,0,0,0,0,0,2,0,8,0,0,0,1,0,1,0,0,0,4,3,0,0,1,1,0,0,0
"painting a room",3,0,3,17,1,5,0,0,10,5,0,6,3,0,0,0,3,0,5,6,3,3,0,1,0,0,3,0,7,0,4,7,0,6,2,0,9,0,2,2,2,10,3,0,1,5,2,3,0
"parasailing",6,0,0,4,0,0,0,0,39,0,0,0,0,0,0,1,1,0,3,1,0,0,0,2,0,0,1,0,7,0,0,3,0,0,0,0,2,0,7,0,0,2,0,0,1,0,0,0,0
"pet sitting",1,4,1,7,0,5,1,1,3,1,0,2,2,2,1,1,1,0,3,0,7,2,1,4,0,0,1,0,1,0,10,4,0,3,2,2,2,1,0,1,2,8,0,0,2,2,0,4,0
"pet to vet",0,0,0,1,0,0,0,0,0,0,0,1,1,0,0,0,0,0,0,0,0,1,0,0,0,0,0,0,0,0,1,0,0,1,1,0,0,0,0,0,0,0,0,0,0,0,0,1,0
"pheasant hunting",0,1,0,0,0,0,0,0,0,0,0,0,0,0,0,1,0,0,0,0,0,1,0,0,0,0,0,0,0,0,0,0,0,0,0,0,0,0,0,1,0,0,1,0,0,0,0,1,1
"picking flowers",0,0,0,3,0,0,0,0,0,1,0,1,2,0,0,3,0,0,0,0,1,0,1,0,0,1,0,0,0,0,0,1,0,4,0,1,0,0,0,0,1,3,0,0,1,1,0,0,0
"picking fruit",1,0,0,18,0,25,1,1,6,1,0,8,4,1,1,1,0,7,9,62,5,8,0,3,0,0,0,10,42,0,76,5,0,10,0,2,9,8,1,0,0,6,0,8,17,3,0,2,0
"planting",1,3,3,10,0,0,0,0,3,8,1,4,1,2,1,4,2,0,3,4,2,3,0,0,0,0,2,0,3,0,5,3,0,2,0,3,9,2,2,0,1,7,0,0,3,5,0,5,0
"planting trees",0,0,0,1,0,0,0,0,0,0,0,0,0,0,1,0,0,0,0,1,0,0,0,0,0,0,0,0,1,0,1,1,0,0,0,0,0,0,0,0,0,0,0,0,0,0,0,0,0
"playing active video games",16,7,5,68,7,4,3,3,28,41,0,20,19,7,8,7,7,0,21,10,18,12,9,9,0,3,5,1,17,1,30,18,1,26,7,7,35,4,5,0,14,78,7,1,12,17,6,3,0
"playing arcade games",0,0,0,0,0,0,0,0,0,0,0,0,0,0,0,0,0,0,0,0,0,0,0,0,0,0,0,0,0,0,0,0,0,0,0,0,0,0,0,0,0,0,0,0,0,0,0,0,0
"playing basketball",65,22,26,191,16,21,4,5,111,118,3,104,59,31,34,41,57,2,73,37,101,38,32,36,1,19,17,2,60,6,95,75,3,127,31,20,96,11,49,6,43,222,12,1,69,25,20,31,0
"playing darts",2,0,0,3,0,1,0,0,0,0,0,0,2,0,2,0,0,0,0,0,0,0,0,0,0,0,0,0,0,0,1,0,0,0,0,0,1,0,0,0,0,3,0,0,0,0,0,0,0
"playing disc golf",5,2,6,34,6,3,0,0,11,14,1,3,4,10,7,9,2,6,4,7,20,10,8,6,5,2,1,2,2,1,4,27,0,16,8,6,12,0,4,2,16,27,4,0,9,13,4,10,0
"playing dodgeball",8,2,5,45,1,2,5,2,16,10,1,8,14,6,4,6,7,1,13,18,9,2,7,11,1,3,2,1,16,2,32,10,3,15,6,5,14,3,6,3,8,28,0,1,8,4,3,8,0
"playing drums",3,0,0,20,0,1,0,1,5,9,0,5,3,2,2,1,6,1,5,1,2,0,2,2,1,0,2,0,0,0,9,7,0,6,2,2,4,0,3,2,5,11,0,0,3,0,0,1,0
"playing flute",0,0,0,3,0,0,0,0,1,0,0,1,2,0,0,1,0,0,0,0,0,1,0,0,0,0,0,0,0,1,1,0,0,1,0,0,1,0,0,0,2,1,0,0,0,0,0,0,0
"playing football",53,26,25,129,15,25,7,16,72,105,4,65,34,22,26,36,57,2,62,36,57,30,37,32,2,16,10,4,68,5,76,70,3,97,12,4,98,10,47,1,46,203,4,1,71,22,12,35,0
"playing football flag",0,0,1,2,0,0,0,0,1,2,0,1,0,0,0,0,5,0,0,3,0,0,0,1,0,0,0,1,1,1,1,2,0,2,1,0,2,1,0,0,1,3,0,0,1,0,2,0,0
"playing frisbee",2,0,0,6,2,0,0,1,2,0,0,1,2,0,0,0,1,0,0,2,1,0,0,2,0,0,0,0,0,0,2,2,0,0,0,0,2,0,1,0,1,0,0,1,0,0,0,0,0
"playing games",32,12,18,127,13,37,9,8,72,84,4,54,28,19,20,28,40,1,49,39,57,22,28,24,2,11,15,3,68,8,85,59,6,80,16,18,72,9,33,4,33,111,5,3,42,29,13,26,0
"playing guitar",30,9,6,97,7,19,3,2,46,36,2,33,23,9,12,16,12,4,18,28,41,13,7,25,0,5,13,1,32,5,33,22,5,67,14,8,39,3,18,1,26,82,5,0,25,15,9,9,2
"playing handball",0,0,0,3,0,0,0,0,0,0,0,0,0,0,0,0,0,0,0,0,0,0,0,2,0,0,0,0,0,0,7,0,0,0,0,0,0,0,0,0,0,0,0,0,0,0,0,0,0
"playing pool",1,0,0,2,0,0,0,0,3,0,0,2,2,0,1,0,0,0,0,0,1,0,0,0,0,0,1,0,0,1,2,0,0,2,0,0,0,0,1,0,1,2,0,0,2,0,0,0,0
"playing video games",1,0,0,0,0,0,0,0,6,3,0,3,1,0,0,0,0,0,0,1,1,0,4,0,0,1,0,1,0,0,1,0,0,5,0,0,1,1,0,0,1,4,0,0,1,0,0,0,0
"playing video or computer games",174,158,91,906,50,156,70,46,416,375,10,349,247,98,107,178,198,17,372,230,396,112,139,145,9,35,86,26,321,57,431,311,15,524,111,74,490,43,182,19,201,871,60,13,299,138,92,132,2
"playing violin",1,1,0,2,1,1,0,0,0,1,0,2,1,0,0,1,1,0,0,0,0,1,1,0,0,0,0,0,2,0,3,1,0,0,0,0,0,0,0,0,0,1,1,0,1,1,0,0,0
"playing water polo",0,0,0,4,0,0,0,0,1,0,0,0,0,0,0,0,0,0,0,0,0,0,0,0,0,0,0,0,1,0,0,0,0,0,0,0,0,0,0,0,0,0,0,0,0,0,0,0,0
"playing with child",1,0,0,0,0,0,0,0,1,1,0,0,0,1,0,0,1,1,0,0,0,0,1,0,0,1,0,0,0,0,0,1,0,0,0,0,1,1,1,0,1,0,0,0,1,0,0,0,0
"playing with pet cat",0,0,0,0,1,0,0,0,0,1,0,0,0,0,0,0,0,0,0,0,2,0,0,0,0,0,0,0,1,0,0,0,0,1,0,0,0,0,0,0,0,0,0,0,0,0,0,1,0
"playing with pet dog",0,0,0,2,0,1,0,0,1,1,0,0,0,0,0,2,2,0,0,0,1,0,0,1,0,0,0,0,0,0,0,1,0,1,0,0,0,0,0,0,0,3,1,0,1,0,0,0,0
"pole dancing",6,6,0,30,0,1,1,1,16,17,0,12,6,1,0,2,8,1,6,6,13,7,2,5,0,1,3,0,10,2,16,9,1,12,1,1,12,1,7,0,13,20,0,0,7,5,0,3,0
"power lifting",0,0,0,0,0,0,0,0,0,0,0,1,0,0,0,0,0,0,0,1,0,0,1,0,0,0,0,0,1,0,1,0,0,1,0,0,0,0,0,0,1,1,0,0,0,0,0,0,0
"praise dancing",6,1,0,1,0,0,1,0,2,3,0,1,0,0,0,1,2,0,3,0,2,0,1,1,0,0,1,0,0,1,2,5,0,3,0,0,1,0,2,0,2,3,0,0,1,0,0,0,0
"pulling weeds",1,1,0,2,0,0,0,0,1,0,0,0,1,0,1,1,1,0,0,1,2,1,0,0,0,1,3,0,0,0,0,0,0,1,0,0,0,0,0,0,1,1,0,0,0,1,0,0,0
"pumping gas",12,5,3,20,1,10,0,0,20,16,0,13,6,0,1,4,15,0,6,11,19,3,7,5,0,1,4,0,10,1,13,16,0,8,0,1,23,2,15,0,13,40,3,1,12,8,3,4,0
"pushing stroller",0,0,0,4,1,1,0,0,5,0,0,0,0,0,0,0,0,0,0,1,1,0,1,0,0,0,0,0,0,0,1,0,0,2,0,0,0,0,0,0,0,0,0,0,0,0,0,0,0
"putting away groceries",1,0,0,4,0,1,0,0,1,1,0,2,1,0,0,0,1,0,4,1,3,0,0,0,0,1,0,0,0,0,2,3,0,1,1,1,1,0,2,0,2,4,0,0,2,2,0,1,0
"raccoon hunting",2,0,0,0,0,0,0,0,0,2,0,1,1,0,0,0,0,0,0,0,0,0,0,0,0,0,0,0,0,0,0,1,0,0,1,0,0,0,0,0,1,0,0,0,1,0,0,0,0
"race walking",0,0,0,0,0,0,0,0,1,0,0,0,0,0,0,0,0,0,0,0,0,0,0,0,0,0,0,0,1,0,0,0,0,1,0,0,2,0,1,0,1,0,0,0,0,0,0,1,0
"rafting",0,1,0,13,4,0,0,0,1,0,1,0,0,0,0,0,0,1,0,1,0,0,0,0,0,0,0,0,3,0,2,1,0,2,1,5,0,0,0,0,2,0,0,0,2,1,1,1,1
"raking",3,2,3,3,3,3,0,0,4,3,0,6,6,2,2,0,0,0,0,3,3,5,0,5,0,0,0,1,0,0,1,3,1,3,1,1,2,1,2,0,1,5,1,1,6,1,1,7,0
"reading",302,252,178,2147,225,233,87,117,899,741,38,782,385,172,168,273,358,33,429,507,614,252,227,347,11,71,168,56,574,54,1163,546,35,862,199,149,819,96,325,32,424,1501,105,17,533,337,120,246,12
"recumbent biking",0,0,0,1,0,0,0,0,0,1,0,0,0,0,0,0,0,0,0,0,0,0,0,1,0,0,0,0,0,0,0,0,0,0,1,0,0,0,0,0,0,1,0,0,0,0,0,0,0
"robot dancing",0,0,0,0,0,0,0,0,1,0,0,0,0,1,0,0,1,0,1,0,0,0,0,0,0,0,1,0,0,0,0,0,0,0,0,0,0,0,1,0,1,2,0,0,0,0,0,0,0
"rock climbing",4,12,3,74,14,6,2,1,19,15,1,7,10,4,2,5,0,1,4,16,8,7,3,5,0,0,6,3,7,3,27,13,0,9,5,5,16,3,5,1,12,21,9,2,10,10,3,6,1
"roller skating",2,2,3,21,3,5,2,1,11,11,0,6,6,3,1,4,1,0,13,10,7,3,0,6,0,0,5,0,6,1,17,7,0,7,1,1,13,1,5,1,2,18,0,1,6,6,0,1,0
"roller skiing",0,0,0,1,0,0,0,0,0,0,0,0,0,1,1,0,0,0,0,7,1,0,0,0,0,0,0,0,1,1,2,0,0,0,0,0,0,0,0,0,0,0,0,0,1,1,0,0,0
"rowing",2,0,0,13,0,1,0,2,8,6,1,5,4,1,2,0,0,1,0,2,4,2,2,0,0,1,1,1,4,0,14,1,0,4,7,2,5,0,2,0,6,8,0,1,2,2,1,0,1
"running",243,210,111,1550,211,179,44,78,872,549,18,531,318,164,142,211,206,22,318,307,426,263,109,259,14,63,80,32,384,53,949,462,25,728,206,156,590,56,256,32,328,1097,70,22,464,233,73,230,23
"running stairs",6,2,1,9,1,1,4,1,7,6,0,5,0,0,0,4,0,0,3,5,1,1,1,2,0,1,0,0,6,0,5,1,0,7,1,0,9,1,1,0,2,5,1,0,8,1,0,2,0
"running uphill",0,1,0,3,0,0,0,0,0,1,0,0,0,0,0,0,0,0,2,1,0,1,0,1,0,1,1,0,0,1,3,0,0,0,0,0,1,0,0,0,0,1,0,0,1,0,0,1,0
"sailing",3,3,0,60,3,4,0,6,27,7,1,12,2,0,1,0,6,5,17,16,12,6,4,4,1,0,2,0,8,0,26,7,0,4,1,1,8,4,6,0,3,13,1,0,7,10,1,6,0
"salmon fishing",0,0,0,1,0,0,0,0,0,0,0,0,0,0,0,0,0,0,0,0,0,1,0,0,0,0,0,0,0,0,2,0,0,0,0,0,0,0,0,0,0,0,0,0,0,1,0,1,0
"salsa dancing",1,1,3,21,3,1,1,0,16,4,1,6,1,2,0,3,2,0,5,3,3,9,3,1,0,0,0,0,6,1,17,4,1,4,0,3,7,1,0,0,2,9,0,0,3,2,0,1,0
"sawing",0,0,0,2,0,0,0,0,0,0,0,1,0,0,1,0,0,0,0,2,1,1,0,0,0,0,0,0,1,0,0,0,0,0,0,0,0,0,0,0,1,3,0,0,1,1,1,1,0
"scuba diving",2,2,1,23,7,2,0,2,16,2,0,4,3,0,0,2,1,0,0,3,3,0,2,2,0,0,2,0,4,0,6,9,0,3,0,0,10,1,0,0,4,8,0,0,1,2,0,3,0
"shark fishing",1,0,0,1,0,0,0,0,1,0,0,0,0,0,0,0,0,0,0,0,0,0,0,0,0,0,0,0,0,0,1,1,0,0,0,0,0,0,0,0,0,1,0,0,0,0,0,0,0
"shaving",40,31,16,258,20,26,14,6,81,81,4,87,58,18,22,36,37,3,61,45,81,30,20,42,2,11,22,5,61,8,96,61,8,113,22,18,80,5,27,5,62,187,16,3,71,28,26,31,1
"shopping",756,605,359,5017,398,638,233,184,2650,1898,62,1933,1009,379,369,541,818,127,1217,1220,1651,744,444,777,35,185,544,141,1550,131,3048,1424,71,2225,352,378,1972,242,847,57,947,3786,206,53,1404,694,225,653,23
"shoveling",1,0,0,9,3,11,3,0,4,2,0,11,11,7,2,0,0,1,6,18,11,11,0,1,2,1,0,3,15,0,30,0,2,15,1,2,28,3,1,0,2,3,2,2,2,1,1,20,1
"showering",1369,659,586,4772,302,881,480,374,2721,2964,61,2161,1200,376,433,680,1796,96,2338,1334,2429,514,1024,872,30,200,543,119,2005,168,2498,2346,65,3089,456,264,2613,295,1276,61,1183,4953,165,56,2088,574,401,646,30
"sitting",1199,622,566,4114,443,671,300,362,2345,2338,73,1963,1106,447,437,720,1413,99,1466,1157,2084,722,823,883,33,232,433,144,1519,149,2768,1795,70,2748,480,332,2412,226,1000,65,1311,3677,280,55,1473,693,370,681,38
"sitting and listening",7,2,6,16,1,2,2,1,15,19,1,14,3,3,6,2,10,0,4,5,21,0,7,7,0,0,0,0,11,3,10,4,0,14,4,0,14,0,5,1,11,16,1,0,7,0,2,2,0
"sitting on a toilet",8,11,1,78,3,11,8,2,23,24,1,16,15,11,9,16,10,1,28,18,16,8,7,7,0,1,10,1,14,1,30,22,0,32,5,5,26,9,8,3,10,50,0,0,19,8,2,7,1
"skateboarding",0,5,0,76,4,3,2,5,18,16,1,10,7,1,3,3,6,0,12,10,24,4,2,10,0,1,5,0,10,3,19,15,0,23,1,3,14,2,5,1,6,28,1,0,9,4,1,2,0
"skiing",0,8,4,67,97,7,1,1,14,5,4,26,11,3,5,5,3,11,6,23,34,20,4,8,11,2,8,14,15,7,61,20,1,25,3,9,52,8,9,1,6,19,61,32,9,30,8,16,5
"sledding",0,5,4,8,15,24,1,0,3,1,0,40,36,14,10,9,1,2,7,25,63,29,1,16,1,9,3,7,15,2,36,9,6,108,2,3,27,8,0,4,8,1,16,6,6,17,5,21,1
"slow dancing",15,6,7,44,3,3,5,4,26,16,0,28,11,4,8,7,13,1,32,10,13,4,10,10,0,2,5,1,17,2,22,19,2,28,6,3,21,6,5,0,14,51,4,1,20,4,1,14,0
"snorkeling",2,0,0,4,0,0,0,0,20,0,0,0,1,1,0,0,0,0,0,0,1,1,0,0,0,0,0,0,0,0,0,0,0,1,0,0,0,1,2,0,1,4,0,0,0,0,0,1,0
"snowblowing",0,0,0,0,1,1,0,0,0,0,0,1,4,2,1,0,0,0,1,2,7,2,0,0,0,1,0,0,2,0,2,1,0,4,0,0,1,0,0,0,0,0,0,0,0,1,0,8,0
"snowboarding",2,17,2,132,60,15,2,3,15,6,4,18,4,9,2,1,1,8,10,35,56,30,1,3,3,4,17,13,29,9,54,20,2,20,0,11,45,2,8,1,14,15,28,16,19,39,9,44,0
"snowmobiling",0,0,0,3,4,3,0,0,1,0,0,1,1,2,0,0,0,3,0,1,8,3,0,0,2,0,0,1,0,0,4,0,0,3,0,0,2,0,1,0,0,0,1,1,1,1,0,5,0
"snuggling or petting a pet",3,1,1,9,3,1,1,0,4,2,3,5,1,0,2,3,1,1,1,3,10,4,0,3,0,0,0,0,4,0,14,3,0,18,0,2,5,1,3,0,1,8,0,0,1,4,0,1,0
"spear fishing",0,0,0,0,0,0,0,0,1,0,0,0,0,0,0,0,0,0,0,0,1,0,0,0,0,1,0,0,0,0,0,1,0,0,0,0,0,1,0,0,0,0,0,0,0,0,0,0,0
"square dancing",0,0,1,4,0,0,1,0,1,3,0,3,0,0,0,0,0,0,3,1,1,1,1,0,1,0,0,0,2,0,5,1,0,3,0,2,1,0,2,0,2,2,1,1,1,1,0,0,0
"standing",135,94,67,691,61,74,29,82,339,304,9,267,161,53,67,103,165,5,216,173,213,86,87,130,6,28,81,17,244,24,467,257,7,344,57,58,280,31,113,7,165,543,36,8,206,114,41,87,3
"stretching",14,10,5,62,4,8,2,2,33,32,0,29,13,6,7,6,12,0,14,8,17,9,5,8,0,2,5,1,21,2,32,22,0,17,3,7,30,2,2,0,7,53,3,1,13,5,5,7,0
"surfing",0,1,0,32,1,2,0,0,8,6,0,1,4,0,2,4,1,1,4,4,2,1,0,0,0,0,3,0,4,0,7,9,0,1,1,0,3,0,3,0,0,3,0,0,1,3,0,2,0
"swag dancing",0,0,0,1,0,0,0,0,0,0,0,1,0,0,0,0,0,0,1,0,1,0,0,0,0,0,0,0,0,0,0,1,0,0,0,0,0,0,0,0,0,0,0,0,0,0,0,0,0
"sweeping",1,0,0,0,0,0,0,0,0,0,0,0,0,0,1,0,1,0,1,0,0,0,0,0,0,0,1,0,0,0,1,0,0,0,0,0,0,0,0,0,0,0,0,0,0,0,0,0,0
"swimming",174,152,61,810,69,94,45,22,371,291,14,238,201,74,71,123,214,10,162,165,297,99,80,130,4,44,96,18,205,38,260,215,8,431,83,50,367,31,119,9,193,781,58,8,154,81,50,94,9
"swing dancing",1,0,0,7,2,0,0,1,1,3,2,0,1,0,1,1,0,1,1,3,1,3,0,4,1,1,2,0,0,1,6,1,0,3,0,1,2,0,0,0,2,4,0,0,2,5,0,2,1
"table dancing",1,0,0,6,0,1,1,1,4,2,0,2,3,2,0,2,5,0,1,1,2,1,2,3,0,0,1,0,3,0,8,4,0,4,1,0,6,0,1,0,3,8,1,0,1,1,0,3,0
"taking medicine",6,1,7,14,0,1,0,0,10,13,0,6,5,1,0,1,10,1,9,0,7,0,3,1,0,1,0,0,3,2,4,6,0,10,1,0,5,0,6,0,3,20,0,0,5,2,1,2,0
"taking out trash",10,7,4,34,5,5,1,3,27,24,0,15,10,2,10,6,13,3,30,5,20,6,2,15,0,2,6,2,10,1,10,21,0,30,3,5,17,4,7,2,8,39,0,1,18,2,4,3,0
"talking on phone",475,148,170,1104,65,186,146,115,828,945,9,551,240,85,89,185,514,11,730,244,608,119,320,217,4,40,120,14,512,43,502,662,10,820,120,51,773,53,410,10,384,1548,49,7,483,128,84,154,4
"tap dancing",1,1,1,8,1,1,1,0,7,6,0,5,3,2,1,3,3,0,4,0,3,0,1,3,0,2,2,0,3,0,5,4,0,3,0,0,3,1,4,0,1,6,1,0,5,1,0,2,0
"tea dancing",1,0,0,1,0,0,0,0,0,0,0,0,0,0,0,0,0,0,0,3,0,0,0,0,0,0,0,0,0,0,2,0,0,0,0,0,0,0,0,0,0,0,0,0,0,0,0,1,0
"tribal dancing",0,0,0,0,0,0,0,0,0,0,0,0,0,0,0,0,0,0,0,0,1,0,0,0,0,0,0,0,0,0,1,0,0,0,0,0,0,0,0,0,0,1,0,0,1,1,0,0,0
"trout fishing",0,0,1,1,1,1,0,0,1,2,0,0,0,0,0,0,0,0,0,0,0,0,0,1,0,0,0,0,0,0,0,1,0,0,1,0,1,0,0,0,0,0,0,0,1,0,0,0,0
"turkey hunting",0,0,0,1,0,0,0,0,1,1,0,1,0,1,2,1,0,0,1,0,0,0,0,1,0,0,0,0,0,0,0,0,0,0,0,0,1,0,1,0,0,0,0,0,2,1,1,0,0
"typing",72,34,30,337,19,36,25,17,139,155,3,128,92,34,29,56,84,1,95,71,114,34,31,46,4,14,39,5,101,6,167,112,5,157,40,35,168,6,56,5,81,309,10,3,106,58,21,54,2
"ultimate frisbee",8,0,2,18,3,1,0,4,13,10,0,13,3,6,5,3,1,0,2,6,8,2,1,2,0,0,0,1,4,3,11,4,1,12,2,2,10,0,5,1,7,15,0,0,3,3,4,2,0
"using exercise bike",1,2,1,14,1,1,0,1,6,1,1,2,0,0,0,0,4,0,1,0,2,1,0,4,0,0,1,1,0,0,4,0,0,4,1,2,1,0,0,0,1,12,0,0,2,1,0,1,0
"using rowing machine",0,0,0,0,0,0,0,1,0,0,0,0,0,0,0,0,0,0,0,0,0,0,0,0,0,1,0,0,0,0,1,0,0,1,0,0,1,0,1,0,1,1,0,0,0,0,0,1,0
"using stair master",2,1,1,17,2,2,1,2,8,2,0,6,0,0,1,2,2,0,5,3,4,0,1,3,0,0,1,0,4,0,12,4,0,1,1,0,3,0,0,0,0,15,1,0,3,4,1,2,0
"using treadmill",15,29,6,150,17,17,7,11,69,53,3,66,49,11,11,18,18,5,42,38,50,33,6,24,0,9,16,3,46,3,106,35,3,48,19,29,88,17,20,1,29,119,10,0,35,31,7,16,1
"vacuuming",3,1,4,28,1,5,2,0,17,12,0,8,8,5,2,3,4,2,5,7,9,5,3,2,1,2,0,2,6,1,18,11,0,9,3,1,12,3,5,1,6,19,3,2,9,8,3,6,0
"wakeboarding",0,2,1,2,1,2,1,0,3,0,1,0,0,1,0,1,1,0,2,0,6,0,0,2,0,1,0,0,1,0,2,2,0,2,2,0,0,0,1,1,4,8,2,0,1,1,1,0,0
"walking",320,305,158,2810,230,345,118,249,1210,870,21,988,461,196,169,301,405,56,694,770,796,366,230,350,16,76,296,77,837,98,1829,692,30,1132,164,206,1144,150,391,25,382,1605,130,34,652,380,145,287,15
"walking a pet",25,19,5,189,14,9,4,3,67,17,4,39,18,5,5,4,6,3,27,29,26,14,1,9,1,7,15,1,31,3,80,30,2,43,3,14,33,0,7,0,7,54,4,3,39,22,22,39,0
"walking briskly",3,3,1,42,2,5,1,4,23,11,2,17,5,3,2,3,6,1,1,7,13,2,2,5,0,0,2,3,25,1,39,6,0,8,3,2,36,0,5,1,4,96,0,0,4,3,1,2,0
"walking down stairs",4,2,3,28,2,10,1,2,15,13,1,13,9,2,5,4,5,1,17,14,27,11,1,7,1,1,7,2,12,1,29,9,0,22,2,1,24,1,2,0,7,31,1,0,9,4,4,5,0
"walking leisurely",81,60,41,449,26,52,20,41,210,213,3,172,83,28,27,42,94,7,105,111,150,53,51,64,3,10,46,7,146,10,283,125,5,180,29,30,194,27,82,10,69,380,13,12,121,70,24,48,1
"walking on treadmill",0,0,0,0,0,0,0,0,0,1,0,0,0,0,0,0,0,0,0,0,1,0,0,0,0,0,0,0,2,0,1,0,0,0,0,1,1,0,1,0,0,0,0,0,0,0,0,0,0
"walking quickly",2,1,1,19,0,3,0,1,11,3,0,6,3,1,4,2,2,0,2,3,3,5,2,3,0,0,2,0,4,0,11,7,0,4,2,1,9,0,11,0,2,9,0,0,3,1,1,3,0
"washing dishes",30,13,25,117,3,7,5,4,63,63,0,35,17,9,9,7,46,2,47,13,38,10,38,13,1,4,9,2,29,3,32,63,0,51,4,4,30,5,39,0,25,146,2,0,40,10,4,14,0
"washing windows",1,0,0,2,0,0,0,0,0,0,0,0,0,0,0,0,0,0,1,0,0,0,0,1,0,0,0,0,0,0,1,0,0,0,0,0,0,0,0,0,0,0,0,0,0,0,0,0,0
"watching child",82,51,34,349,33,100,24,15,189,180,6,205,95,54,52,80,95,12,114,144,200,55,40,76,1,33,46,14,170,13,231,129,9,239,31,31,185,27,95,8,101,289,29,8,109,75,23,82,2
"watching sports in person",3,0,1,3,1,1,0,0,2,5,0,0,0,0,0,0,0,0,3,0,2,1,0,0,0,0,0,0,0,0,0,6,1,6,4,0,2,1,1,0,1,2,0,0,0,0,0,0,0
"watching tv or movie",5920,3917,3070,28004,2414,3895,1618,1701,14597,12841,428,11504,6309,2353,2552,4279,6908,581,8606,6783,10929,3850,4101,4836,208,1230,2602,726,9214,1035,15631,9658,433,14277,2902,2109,13339,1333,5282,467,6371,24041,1356,299,8113,4022,1958,4197,166
"watching tv or movies laying down",50,14,20,86,9,20,7,11,71,93,1,49,23,11,5,17,81,1,47,36,70,13,32,18,0,4,12,2,39,3,87,56,0,96,11,8,58,7,35,3,42,107,1,0,33,13,12,17,0
"water skiing",1,0,0,0,0,0,0,0,2,0,0,1,0,0,0,0,0,0,0,0,0,1,0,0,0,0,0,1,0,0,1,0,0,0,0,1,1,0,2,0,0,1,0,0,1,0,0,2,0
"watering plants",0,0,0,1,0,0,0,0,0,0,0,0,0,0,0,0,1,0,0,0,0,0,0,2,0,0,1,0,0,0,0,2,0,1,0,0,0,0,0,0,0,2,0,0,1,0,0,0,0
"weight lifting",9,6,9,78,8,8,5,4,40,38,1,37,20,5,10,10,22,0,25,8,27,9,22,16,2,1,10,1,18,5,34,28,1,29,10,4,31,3,34,1,16,75,5,0,25,11,4,7,1
"white water rafting",1,0,0,14,26,0,1,0,4,11,1,0,1,0,0,0,0,7,3,5,2,0,0,1,3,0,1,3,7,0,9,16,0,3,1,3,14,0,1,0,27,1,1,0,3,5,2,0,5
"working on home",1,0,1,2,0,0,1,0,2,0,0,0,1,1,0,0,4,0,1,0,0,0,0,0,0,0,0,0,0,0,2,0,0,2,0,2,3,0,0,0,0,2,1,0,0,0,0,0,0
"wrapping presents",15,10,4,103,5,15,5,3,52,31,3,35,23,12,7,18,15,2,30,34,46,12,8,20,0,7,9,4,41,5,71,34,1,64,13,15,46,5,16,1,19,87,7,3,27,17,12,14,3
"writing",212,157,81,1153,127,151,47,69,549,466,21,409,264,120,120,168,208,30,283,308,400,153,119,183,17,54,96,35,400,38,742,365,23,519,118,89,558,55,211,21,223,857,65,22,346,163,74,158,9
"yachting",1,0,0,5,0,0,0,0,0,0,0,0,1,0,0,0,0,0,0,1,0,0,0,0,0,0,0,0,1,0,0,0,0,0,0,0,0,0,0,0,0,0,0,0,0,0,0,0,0
"yoga hatha",0,0,0,1,0,0,0,0,0,1,0,0,0,0,0,0,0,0,0,0,0,0,0,0,0,0,0,0,0,0,0,2,0,0,0,0,0,0,0,0,0,1,0,0,0,1,0,0,0
